date,cpi,infl_mom,infl_yoy
1960-01-01,29.3,,
1960-02-01,29.4,0.0034129692832762792,
1960-03-01,29.4,0.0,
1960-04-01,29.5,0.003401360544217802,
1960-05-01,29.5,0.0,
1960-06-01,29.6,0.003389830508474523,
1960-07-01,29.6,0.0,
1960-08-01,29.6,0.0,
1960-09-01,29.6,0.0,
1960-10-01,29.8,0.006756756756756799,
1960-11-01,29.8,0.0,
1960-12-01,29.8,0.0,
1961-01-01,29.8,0.0,0.017064846416382284
1961-02-01,29.8,0.0,0.013605442176870763
1961-03-01,29.8,0.0,0.013605442176870763
1961-04-01,29.8,0.0,0.01016949152542379
1961-05-01,29.8,0.0,0.01016949152542379
1961-06-01,29.8,0.0,0.006756756756756799
1961-07-01,30.0,0.006711409395973034,0.013513513513513375
1961-08-01,29.9,-0.0033333333333334103,0.010135135135135087
1961-09-01,30.0,0.0033444816053511683,0.013513513513513375
1961-10-01,30.0,0.0,0.006711409395973034
1961-11-01,30.0,0.0,0.006711409395973034
1961-12-01,30.0,0.0,0.006711409395973034
1962-01-01,30.0,0.0,0.006711409395973034
1962-02-01,30.1,0.0033333333333334103,0.010067114093959662
1962-03-01,30.1,0.0,0.010067114093959662
1962-04-01,30.2,0.0033222591362125353,0.01342281879194629
1962-05-01,30.2,0.0,0.01342281879194629
1962-06-01,30.2,0.0,0.01342281879194629
1962-07-01,30.3,0.0033112582781458233,0.010000000000000009
1962-08-01,30.3,0.0,0.013377926421404673
1962-09-01,30.4,0.0033003300330032292,0.013333333333333197
1962-10-01,30.4,0.0,0.013333333333333197
1962-11-01,30.4,0.0,0.013333333333333197
1962-12-01,30.4,0.0,0.013333333333333197
1963-01-01,30.4,0.0,0.013333333333333197
1963-02-01,30.4,0.0,0.009966777408637828
1963-03-01,30.5,0.00328947368421062,0.013289036544850363
1963-04-01,30.5,0.0,0.009933774834437026
1963-05-01,30.5,0.0,0.009933774834437026
1963-06-01,30.6,0.003278688524590123,0.013245033112582849
1963-07-01,30.7,0.0032679738562091387,0.013201320132013139
1963-08-01,30.7,0.0,0.013201320132013139
1963-09-01,30.7,0.0,0.009868421052631637
1963-10-01,30.8,0.0032573289902280145,0.013157894736842257
1963-11-01,30.8,0.0,0.013157894736842257
1963-12-01,30.9,0.0032467532467532756,0.016447368421052655
1964-01-01,30.9,0.0,0.016447368421052655
1964-02-01,30.9,0.0,0.016447368421052655
1964-03-01,30.9,0.0,0.013114754098360715
1964-04-01,30.9,0.0,0.013114754098360715
1964-05-01,30.9,0.0,0.013114754098360715
1964-06-01,31.0,0.003236245954692629,0.013071895424836555
1964-07-01,31.1,0.003225806451612856,0.013029315960912058
1964-08-01,31.0,-0.003215434083601365,0.009771986970684043
1964-09-01,31.1,0.003225806451612856,0.013029315960912058
1964-10-01,31.1,0.0,0.009740259740259827
1964-11-01,31.2,0.003215434083601254,0.01298701298701288
1964-12-01,31.2,0.0,0.009708737864077666
1965-01-01,31.2,0.0,0.009708737864077666
1965-02-01,31.2,0.0,0.009708737864077666
1965-03-01,31.3,0.0032051282051281937,0.012944983818770295
1965-04-01,31.4,0.0031948881789136685,0.016181229773462702
1965-05-01,31.4,0.0,0.016181229773462702
1965-06-01,31.6,0.006369426751592355,0.019354838709677358
1965-07-01,31.6,0.0,0.016077170418006492
1965-08-01,31.6,0.0,0.019354838709677358
1965-09-01,31.6,0.0,0.016077170418006492
1965-10-01,31.7,0.0031645569620253333,0.019292604501607746
1965-11-01,31.7,0.0,0.01602564102564097
1965-12-01,31.8,0.003154574132492094,0.019230769230769384
1966-01-01,31.8,0.0,0.019230769230769384
1966-02-01,32.0,0.0062893081761006275,0.025641025641025772
1966-03-01,32.1,0.0031250000000000444,0.025559105431310014
1966-04-01,32.3,0.006230529595015355,0.028662420382165488
1966-05-01,32.3,0.0,0.028662420382165488
1966-06-01,32.4,0.003095975232198178,0.025316455696202445
1966-07-01,32.5,0.0030864197530864335,0.028481012658227778
1966-08-01,32.7,0.006153846153846176,0.034810126582278444
1966-09-01,32.7,0.0,0.034810126582278444
1966-10-01,32.9,0.006116207951070152,0.03785488958990535
1966-11-01,32.9,0.0,0.03785488958990535
1966-12-01,32.9,0.0,0.03459119496855334
1967-01-01,32.9,0.0,0.03459119496855334
1967-02-01,32.9,0.0,0.028124999999999956
1967-03-01,33.0,0.003039513677811634,0.028037383177569986
1967-04-01,33.1,0.003030303030303161,0.024767801857585203
1967-05-01,33.2,0.0030211480362538623,0.02786377708978338
1967-06-01,33.3,0.0030120481927708997,0.02777777777777768
1967-07-01,33.4,0.0030030030030030463,0.027692307692307683
1967-08-01,33.5,0.0029940119760478723,0.024464831804281273
1967-09-01,33.6,0.0029850746268658135,0.02752293577981657
1967-10-01,33.7,0.0029761904761904656,0.024316109422492627
1967-11-01,33.8,0.0029673590504448732,0.027355623100303816
1967-12-01,33.9,0.002958579881656931,0.03039513677811545
1968-01-01,34.1,0.005899705014749346,0.03647416413373872
1968-02-01,34.2,0.0029325513196480912,0.03951367781155035
1968-03-01,34.3,0.0029239766081869956,0.039393939393939315
1968-04-01,34.4,0.00291545189504383,0.0392749244712991
1968-05-01,34.5,0.0029069767441860517,0.03915662650602392
1968-06-01,34.7,0.005797101449275477,0.042042042042042205
1968-07-01,34.9,0.0057636887608067955,0.04491017964071853
1968-08-01,35.0,0.002865329512893977,0.04477611940298498
1968-09-01,35.1,0.0028571428571428914,0.044642857142857206
1968-10-01,35.3,0.005698005698005604,0.047477744807121525
1968-11-01,35.4,0.0028328611898016387,0.047337278106508895
1968-12-01,35.5,0.0028248587570622874,0.0471976401179941
1969-01-01,35.6,0.0028169014084507005,0.04398826979472137
1969-02-01,35.8,0.00561797752808979,0.04678362573099393
1969-03-01,36.1,0.008379888268156499,0.05247813411078739
1969-04-01,36.3,0.005540166204986097,0.05523255813953476
1969-05-01,36.4,0.0027548209366392573,0.05507246376811592
1969-06-01,36.6,0.005494505494505475,0.054755043227665556
1969-07-01,36.8,0.005464480874316724,0.054441260744985565
1969-08-01,37.0,0.005434782608695787,0.05714285714285716
1969-09-01,37.1,0.002702702702702675,0.056980056980056926
1969-10-01,37.3,0.005390835579514697,0.056657223796034106
1969-11-01,37.5,0.00536193029490617,0.05932203389830515
1969-12-01,37.7,0.005333333333333412,0.06197183098591563
1970-01-01,37.8,0.0026525198938991412,0.06179775280898858
1970-02-01,38.0,0.005291005291005346,0.06145251396648055
1970-03-01,38.2,0.0052631578947368585,0.05817174515235468
1970-04-01,38.5,0.00785340314136107,0.060606060606060774
1970-05-01,38.6,0.0025974025974027093,0.06043956043956045
1970-06-01,38.8,0.005181347150258864,0.060109289617486183
1970-07-01,39.0,0.005154639175257714,0.05978260869565233
1970-08-01,39.0,0.0,0.054054054054053946
1970-09-01,39.2,0.00512820512820511,0.05660377358490565
1970-10-01,39.4,0.005102040816326481,0.05630026809651478
1970-11-01,39.6,0.005076142131979822,0.05600000000000005
1970-12-01,39.8,0.005050505050504972,0.055702917771883076
1971-01-01,39.8,0.0,0.05291005291005302
1971-02-01,39.9,0.002512562814070307,0.050000000000000044
1971-03-01,40.0,0.0025062656641603454,0.04712041884816753
1971-04-01,40.1,0.0024999999999999467,0.04155844155844157
1971-05-01,40.3,0.004987531172069737,0.04404145077720201
1971-06-01,40.6,0.007444168734491496,0.046391752577319645
1971-07-01,40.7,0.0024630541871921707,0.04358974358974366
1971-08-01,40.8,0.002457002457002311,0.04615384615384599
1971-09-01,40.8,0.0,0.04081632653061207
1971-10-01,40.9,0.002450980392156854,0.038071065989847774
1971-11-01,40.9,0.0,0.03282828282828265
1971-12-01,41.1,0.004889975550122383,0.03266331658291466
1972-01-01,41.1,0.0,0.03266331658291466
1972-02-01,41.3,0.0048661800486617945,0.0350877192982455
1972-03-01,41.4,0.002421307506053294,0.03499999999999992
1972-04-01,41.5,0.0024154589371980784,0.034912718204488824
1972-05-01,41.6,0.002409638554216942,0.032258064516129226
1972-06-01,41.7,0.0024038461538462563,0.027093596059113434
1972-07-01,41.9,0.004796163069544335,0.029484029484029284
1972-08-01,42.0,0.0023866348448686736,0.02941176470588247
1972-09-01,42.1,0.0023809523809523725,0.031862745098039325
1972-10-01,42.3,0.004750593824227822,0.03422982885085579
1972-11-01,42.4,0.0023640661938535423,0.03667481662591676
1972-12-01,42.5,0.002358490566037874,0.03406326034063256
1973-01-01,42.6,0.0023529411764706687,0.03649635036496357
1973-02-01,42.9,0.007042253521126751,0.03874092009685226
1973-03-01,43.3,0.00932400932400923,0.04589371980676327
1973-04-01,43.6,0.006928406466512715,0.050602409638554224
1973-05-01,43.9,0.006880733944954143,0.05528846153846145
1973-06-01,44.2,0.006833712984054774,0.05995203836930463
1973-07-01,44.3,0.002262443438913797,0.05727923627684972
1973-08-01,45.1,0.01805869074492117,0.07380952380952377
1973-09-01,45.2,0.0022172949002217113,0.07363420427553447
1973-10-01,45.6,0.008849557522123908,0.07801418439716312
1973-11-01,45.9,0.006578947368421018,0.08254716981132071
1973-12-01,46.2,0.0065359477124184995,0.08705882352941186
1974-01-01,46.6,0.008658008658008587,0.0938967136150235
1974-02-01,47.2,0.012875536480686733,0.10023310023310028
1974-03-01,47.8,0.012711864406779627,0.10392609699769051
1974-04-01,48.0,0.004184100418409997,0.10091743119266061
1974-05-01,48.6,0.012499999999999956,0.1070615034168565
1974-06-01,49.0,0.008230452674897082,0.10859728506787314
1974-07-01,49.4,0.008163265306122325,0.1151241534988714
1974-08-01,50.0,0.012145748987854255,0.10864745011086474
1974-09-01,50.6,0.01200000000000001,0.11946902654867242
1974-10-01,51.1,0.009881422924901129,0.1206140350877194
1974-11-01,51.5,0.007827788649706457,0.12200435729847503
1974-12-01,51.9,0.007766990291262044,0.12337662337662336
1975-01-01,52.1,0.003853564547206201,0.11802575107296143
1975-02-01,52.5,0.007677543186180413,0.11228813559322037
1975-03-01,52.7,0.003809523809523929,0.10251046025104604
1975-04-01,52.9,0.003795066413662118,0.1020833333333333
1975-05-01,53.2,0.005671077504725952,0.094650205761317
1975-06-01,53.6,0.007518796992481258,0.09387755102040818
1975-07-01,54.2,0.011194029850746245,0.09716599190283404
1975-08-01,54.3,0.0018450184501843658,0.08599999999999985
1975-09-01,54.6,0.005524861878453136,0.07905138339920947
1975-10-01,54.9,0.005494505494505475,0.07436399217221124
1975-11-01,55.3,0.007285974499089187,0.0737864077669903
1975-12-01,55.5,0.003616636528029016,0.06936416184971095
1976-01-01,55.6,0.0018018018018017834,0.06717850287907878
1976-02-01,55.8,0.003597122302158251,0.06285714285714272
1976-03-01,55.9,0.0017921146953405742,0.06072106261859567
1976-04-01,56.1,0.003577817531305927,0.060491493383743045
1976-05-01,56.5,0.007130124777183555,0.06203007518796988
1976-06-01,56.8,0.005309734513274211,0.05970149253731338
1976-07-01,57.1,0.00528169014084523,0.053505535055350606
1976-08-01,57.4,0.005253940455341555,0.057090239410681365
1976-09-01,57.6,0.0034843205574912606,0.05494505494505497
1976-10-01,57.9,0.005208333333333259,0.05464480874316946
1976-11-01,58.0,0.0017271157167531026,0.0488245931283906
1976-12-01,58.2,0.0034482758620690834,0.048648648648648596
1977-01-01,58.5,0.005154639175257714,0.05215827338129486
1977-02-01,59.1,0.01025641025641022,0.05913978494623673
1977-03-01,59.5,0.006768189509306133,0.06440071556350624
1977-04-01,60.0,0.008403361344537785,0.06951871657754016
1977-05-01,60.3,0.004999999999999893,0.06725663716814156
1977-06-01,60.7,0.0066334991708127955,0.06866197183098599
1977-07-01,61.0,0.0049423393739702615,0.06830122591943955
1977-08-01,61.2,0.003278688524590123,0.06620209059233462
1977-09-01,61.4,0.0032679738562091387,0.0659722222222221
1977-10-01,61.6,0.0032573289902280145,0.06390328151986191
1977-11-01,61.9,0.004870129870129913,0.0672413793103448
1977-12-01,62.1,0.003231017770597866,0.0670103092783505
1978-01-01,62.5,0.006441223832528209,0.06837606837606836
1978-02-01,62.9,0.006399999999999961,0.06429780033840937
1978-03-01,63.4,0.007949125596184325,0.06554621848739495
1978-04-01,63.9,0.007886435331230235,0.06499999999999995
1978-05-01,64.5,0.009389671361502261,0.06965174129353247
1978-06-01,65.2,0.010852713178294726,0.07413509060955525
1978-07-01,65.7,0.0076687116564417845,0.077049180327869
1978-08-01,66.0,0.004566210045662045,0.07843137254901955
1978-09-01,66.5,0.007575757575757569,0.08306188925081437
1978-10-01,67.1,0.009022556390977376,0.08928571428571419
1978-11-01,67.4,0.0044709388971686526,0.08885298869143798
1978-12-01,67.7,0.004451038575667532,0.09017713365539448
1979-01-01,68.3,0.008862629246676468,0.0928
1979-02-01,69.1,0.01171303074670571,0.09856915739268679
1979-03-01,69.8,0.01013024602026058,0.10094637223974767
1979-04-01,70.6,0.011461318051575908,0.10485133020344284
1979-05-01,71.5,0.012747875354107707,0.10852713178294571
1979-06-01,72.3,0.01118881118881121,0.10889570552147232
1979-07-01,73.1,0.011065006915629283,0.1126331811263317
1979-08-01,73.8,0.009575923392612928,0.11818181818181817
1979-09-01,74.6,0.01084010840108407,0.12180451127819536
1979-10-01,75.2,0.008042895442359255,0.12071535022354718
1979-11-01,75.9,0.009308510638297962,0.12611275964391688
1979-12-01,76.7,0.010540184453227797,0.13293943870014768
1980-01-01,77.8,0.014341590612777066,0.1390922401171304
1980-02-01,78.9,0.01413881748071999,0.14182344428364702
1980-03-01,80.1,0.015209125475285079,0.14756446991404015
1980-04-01,81.0,0.011235955056179803,0.14730878186968854
1980-05-01,81.8,0.00987654320987641,0.1440559440559439
1980-06-01,82.7,0.011002444987775029,0.14384508990318134
1980-07-01,82.7,0.0,0.13132694938440514
1980-08-01,83.3,0.007255139056831839,0.12872628726287272
1980-09-01,84.0,0.008403361344537785,0.126005361930295
1980-10-01,84.8,0.00952380952380949,0.12765957446808507
1980-11-01,85.5,0.008254716981132004,0.1264822134387351
1980-12-01,86.3,0.009356725146198785,0.1251629726205996
1981-01-01,87.0,0.008111239860950192,0.11825192802056561
1981-02-01,87.9,0.010344827586207028,0.11406844106463887
1981-03-01,88.5,0.0068259385665527805,0.10486891385767794
1981-04-01,89.1,0.006779661016949046,0.09999999999999987
1981-05-01,89.8,0.007856341189674598,0.097799511002445
1981-06-01,90.6,0.008908685968819663,0.09552599758162028
1981-07-01,91.6,0.011037527593819041,0.10761789600967342
1981-08-01,92.3,0.007641921397379958,0.1080432172869148
1981-09-01,93.2,0.009750812567713929,0.10952380952380958
1981-10-01,93.4,0.0021459227467810482,0.10141509433962281
1981-11-01,93.7,0.0032119914346895317,0.09590643274853794
1981-12-01,94.0,0.0032017075773744796,0.0892236384704519
1982-01-01,94.3,0.0031914893617019935,0.0839080459770114
1982-02-01,94.6,0.0031813361611876534,0.07622298065984068
1982-03-01,94.5,-0.0010570824524311906,0.06779661016949157
1982-04-01,94.9,0.004232804232804366,0.06509539842873191
1982-05-01,95.8,0.009483667017913477,0.06681514476614692
1982-06-01,97.0,0.012526096033403045,0.07064017660044164
1982-07-01,97.5,0.005154639175257714,0.06441048034934505
1982-08-01,97.7,0.002051282051282133,0.05850487540628402
1982-09-01,97.9,0.0020470829068577334,0.0504291845493563
1982-10-01,98.2,0.003064351378958108,0.051391862955032064
1982-11-01,98.0,-0.0020366598778004397,0.04589114194236932
1982-12-01,97.6,-0.004081632653061273,0.038297872340425476
1983-01-01,97.8,0.002049180327868827,0.03711558854718988
1983-02-01,97.9,0.0010224948875257045,0.03488372093023262
1983-03-01,97.9,0.0,0.035978835978836
1983-04-01,98.6,0.007150153217568844,0.03898840885142252
1983-05-01,99.2,0.006085192697768749,0.03549060542797511
1983-06-01,99.5,0.003024193548387011,0.025773195876288568
1983-07-01,99.9,0.004020100502512669,0.024615384615384706
1983-08-01,100.2,0.0030030030030030463,0.025588536335721557
1983-09-01,100.7,0.004990019960079861,0.02860061287027582
1983-10-01,101.0,0.002979145978152964,0.02851323828920571
1983-11-01,101.2,0.001980198019801982,0.03265306122448974
1983-12-01,101.3,0.0009881422924900019,0.037909836065573854
1984-01-01,101.9,0.005923000987166915,0.04192229038854811
1984-02-01,102.4,0.004906771344455274,0.04596527068437184
1984-03-01,102.6,0.001953124999999778,0.0480081716036771
1984-04-01,103.1,0.004873294346978474,0.045638945233265726
1984-05-01,103.4,0.0029097963142581396,0.042338709677419484
1984-06-01,103.7,0.0029013539651836506,0.042211055276381915
1984-07-01,104.1,0.0038572806171648377,0.04204204204204198
1984-08-01,104.5,0.003842459173871271,0.04291417165668654
1984-09-01,105.0,0.004784688995215225,0.04270109235352537
1984-10-01,105.3,0.0028571428571428914,0.04257425742574261
1984-11-01,105.3,0.0,0.04051383399209474
1984-12-01,105.3,0.0,0.03948667324777877
1985-01-01,105.5,0.0018993352326686086,0.03532875368007837
1985-02-01,106.0,0.004739336492890933,0.03515625
1985-03-01,106.4,0.0037735849056603765,0.0370370370370372
1985-04-01,106.9,0.0046992481203007586,0.03685741998060155
1985-05-01,107.3,0.0037418147801682178,0.03771760154738879
1985-06-01,107.6,0.002795899347623365,0.03760848601735778
1985-07-01,107.8,0.0018587360594795044,0.03554274735830942
1985-08-01,108.0,0.0018552875695732052,0.03349282296650724
1985-09-01,108.3,0.002777777777777768,0.03142857142857136
1985-10-01,108.7,0.003693444136657398,0.03228869895536568
1985-11-01,109.0,0.002759889604415866,0.03513770180436859
1985-12-01,109.3,0.0027522935779815683,0.037986704653371284
1986-01-01,109.6,0.0027447392497712553,0.03886255924170601
1986-02-01,109.3,-0.0027372262773722733,0.031132075471698162
1986-03-01,108.8,-0.0045745654162854255,0.022556390977443552
1986-04-01,108.6,-0.0018382352941176405,0.015902712815715425
1986-05-01,108.9,0.002762430939226679,0.01491146318732528
1986-06-01,109.5,0.005509641873278293,0.017657992565055736
1986-07-01,109.5,0.0,0.01576994434137302
1986-08-01,109.7,0.0018264840182649067,0.015740740740740833
1986-09-01,110.2,0.004557885141294404,0.01754385964912286
1986-10-01,110.3,0.0009074410163338875,0.014719411223550916
1986-11-01,110.4,0.0009066183136900996,0.012844036697247763
1986-12-01,110.5,0.0009057971014492239,0.010978956999085021
1987-01-01,111.2,0.0063348416289592535,0.014598540145985384
1987-02-01,111.6,0.003597122302158251,0.021043000914912957
1987-03-01,112.1,0.0044802867383513245,0.030330882352941124
1987-04-01,112.7,0.00535236396074934,0.037753222836095945
1987-05-01,113.1,0.003549245785270605,0.038567493112947604
1987-06-01,113.5,0.0035366931918656697,0.0365296803652968
1987-07-01,113.8,0.002643171806167466,0.03926940639269394
1987-08-01,114.4,0.005272407732864748,0.042844120328167756
1987-09-01,115.0,0.005244755244755206,0.04355716878402904
1987-10-01,115.3,0.002608695652173809,0.045330915684496764
1987-11-01,115.4,0.0008673026886383273,0.04528985507246386
1987-12-01,115.4,0.0,0.044343891402715
1988-01-01,115.7,0.0025996533795493715,0.04046762589928066
1988-02-01,116.0,0.0025929127052721768,0.03942652329749108
1988-03-01,116.5,0.004310344827586299,0.039250669045495234
1988-04-01,117.1,0.0051502145922746045,0.03904170363797688
1988-05-01,117.5,0.0034158838599487318,0.0389036251105217
1988-06-01,118.0,0.004255319148936065,0.0396475770925111
1988-07-01,118.5,0.004237288135593209,0.04130052724077338
1988-08-01,119.0,0.00421940928270037,0.04020979020979021
1988-09-01,119.8,0.006722689075630228,0.0417391304347825
1988-10-01,120.2,0.0033388981636059967,0.04249783174327848
1988-11-01,120.3,0.0008319467554076532,0.04246100519930662
1988-12-01,120.5,0.0016625103906899863,0.04419410745233954
1989-01-01,121.1,0.004979253112033177,0.046672428694900514
1989-02-01,121.6,0.004128819157720898,0.04827586206896539
1989-03-01,122.3,0.005756578947368363,0.04978540772532192
1989-04-01,123.1,0.006541291905151292,0.05123825789923142
1989-05-01,123.8,0.005686433793663737,0.05361702127659562
1989-06-01,124.1,0.0024232633279481774,0.051694915254237195
1989-07-01,124.4,0.00241740531829171,0.04978902953586495
1989-08-01,124.6,0.001607717041800516,0.04705882352941182
1989-09-01,125.0,0.0032102728731941976,0.04340567612687818
1989-10-01,125.6,0.0047999999999999154,0.04492512479201327
1989-11-01,125.9,0.0023885350318473275,0.046550290939318506
1989-12-01,126.1,0.001588562351072298,0.04647302904564321
1990-01-01,127.4,0.01030927835051565,0.052023121387283267
1990-02-01,128.0,0.0047095761381474865,0.05263157894736836
1990-03-01,128.7,0.005468749999999911,0.05233033524121011
1990-04-01,128.9,0.0015540015540016494,0.04711616571892785
1990-05-01,129.2,0.002327385570209284,0.043618739903069415
1990-06-01,129.9,0.005417956656346812,0.04673650282030639
1990-07-01,130.4,0.0038491147036181506,0.048231511254019255
1990-08-01,131.6,0.009202453987730008,0.05617977528089879
1990-09-01,132.7,0.008358662613981771,0.06159999999999988
1990-10-01,133.5,0.006028636021100375,0.06289808917197459
1990-11-01,133.8,0.0022471910112360494,0.0627482128673551
1990-12-01,133.8,0.0,0.0610626486915149
1991-01-01,134.6,0.005979073243647104,0.05651491365777073
1991-02-01,134.8,0.0014858841010403356,0.05312500000000009
1991-03-01,135.0,0.0014836795252224366,0.04895104895104896
1991-04-01,135.2,0.001481481481481417,0.048875096974398735
1991-05-01,135.6,0.002958579881656931,0.049535603715170407
1991-06-01,136.0,0.002949852507374784,0.046959199384141614
1991-07-01,136.2,0.0014705882352941124,0.04447852760736182
1991-08-01,136.6,0.002936857562408246,0.03799392097264431
1991-09-01,137.2,0.004392386530014614,0.033911077618688834
1991-10-01,137.4,0.001457725947521915,0.02921348314606753
1991-11-01,137.8,0.0029112081513829047,0.029895366218236186
1991-12-01,137.9,0.0007256894049345597,0.03064275037369213
1992-01-01,138.1,0.0014503263234226793,0.026002971768201988
1992-02-01,138.6,0.003620564808110016,0.028189910979228294
1992-03-01,139.3,0.005050505050505194,0.03185185185185202
1992-04-01,139.5,0.00143575017946862,0.031804733727810675
1992-05-01,139.7,0.0014336917562722817,0.030235988200590036
1992-06-01,140.2,0.0035790980672869566,0.03088235294117636
1992-07-01,140.5,0.0021398002853068032,0.031571218795888534
1992-08-01,140.9,0.002846975088967918,0.03147877013177158
1992-09-01,141.3,0.002838892831795725,0.02988338192419837
1992-10-01,141.8,0.0035385704175512345,0.03202328966521106
1992-11-01,142.0,0.0014104372355430161,0.030478955007256836
1992-12-01,141.9,-0.0007042253521126751,0.029006526468455363
1993-01-01,142.6,0.0049330514446792595,0.03258508327299059
1993-02-01,143.1,0.003506311360448766,0.032467532467532534
1993-03-01,143.6,0.0034940600978337066,0.03086862885857844
1993-04-01,144.0,0.0027855153203342198,0.032258064516129004
1993-05-01,144.2,0.001388888888888884,0.0322118826055835
1993-06-01,144.4,0.0013869625520113171,0.029957203994293913
1993-07-01,144.4,0.0,0.0277580071174377
1993-08-01,144.8,0.0027700831024930483,0.02767920511000721
1993-09-01,145.1,0.002071823204419676,0.02689313517338987
1993-10-01,145.7,0.004135079255685792,0.027503526093088704
1993-11-01,145.8,0.000686341798215695,0.026760563380281877
1993-12-01,145.8,0.0,0.02748414376321362
1994-01-01,146.2,0.00274348422496562,0.02524544179523147
1994-02-01,146.7,0.0034199726402188713,0.02515723270440251
1994-03-01,147.2,0.0034083162917519783,0.025069637883008422
1994-04-01,147.4,0.0013586956521740579,0.02361111111111125
1994-05-01,147.5,0.0006784260515604323,0.02288488210818307
1994-06-01,148.0,0.003389830508474523,0.024930747922437657
1994-07-01,148.4,0.002702702702702675,0.027700831024930705
1994-08-01,149.0,0.0040431266846361336,0.02900552486187835
1994-09-01,149.4,0.0026845637583892135,0.02963473466574773
1994-10-01,149.5,0.0006693440428380271,0.026080988332189525
1994-11-01,149.7,0.0013377926421402897,0.02674897119341546
1994-12-01,149.7,0.0,0.02674897119341546
1995-01-01,150.3,0.004008016032064354,0.028043775649794878
1995-02-01,150.9,0.003992015968063756,0.02862985685071595
1995-03-01,151.4,0.003313452617627499,0.02853260869565233
1995-04-01,151.9,0.0033025099075296716,0.030529172320217013
1995-05-01,152.2,0.0019749835418036987,0.03186440677966096
1995-06-01,152.5,0.001971090670170872,0.030405405405405483
1995-07-01,152.5,0.0,0.027628032345013542
1995-08-01,152.9,0.0026229508196722318,0.026174496644295386
1995-09-01,153.2,0.0019620667102679956,0.025435073627844584
1995-10-01,153.7,0.0032637075718016106,0.02809364548494986
1995-11-01,153.6,-0.0006506180871828082,0.02605210420841697
1995-12-01,153.5,-0.0006510416666666297,0.025384101536406245
1996-01-01,154.4,0.005863192182410382,0.02727877578176985
1996-02-01,154.9,0.0032383419689119286,0.026507620941020438
1996-03-01,155.7,0.005164622336991442,0.028401585204755442
1996-04-01,156.3,0.003853564547206423,0.02896642527978943
1996-05-01,156.6,0.0019193857965449368,0.02890932982917227
1996-06-01,156.7,0.0006385696040867028,0.027540983606557212
1996-07-01,157.0,0.0019144862795150708,0.029508196721311553
1996-08-01,157.3,0.0019108280254778176,0.02877697841726623
1996-09-01,157.8,0.0031786395422759295,0.030026109660574507
1996-10-01,158.3,0.003168567807350975,0.029928432010410067
1996-11-01,158.6,0.0018951358180667732,0.03255208333333326
1996-12-01,158.6,0.0,0.03322475570032579
1997-01-01,159.1,0.0031525851197982124,0.030440414507771907
1997-02-01,159.6,0.00314267756128217,0.030342156229825612
1997-03-01,160.0,0.0025062656641603454,0.027617212588310958
1997-04-01,160.2,0.0012499999999999734,0.024952015355086177
1997-05-01,160.1,-0.0006242197253433224,0.022349936143039484
1997-06-01,160.3,0.0012492192379762734,0.022973835354180183
1997-07-01,160.5,0.0012476606363067688,0.022292993630573354
1997-08-01,160.8,0.0018691588785046953,0.022250476795931284
1997-09-01,161.2,0.0024875621890545485,0.02154626108998725
1997-10-01,161.6,0.002481389578163906,0.020846493998736504
1997-11-01,161.5,-0.0006188118811880639,0.01828499369482972
1997-12-01,161.3,-0.0012383900928791824,0.017023959646910614
1998-01-01,161.6,0.0018598884066955979,0.015713387806411072
1998-02-01,161.9,0.0018564356435644136,0.01441102756892243
1998-03-01,162.2,0.0018529956763433386,0.013749999999999929
1998-04-01,162.5,0.0018495684340320562,0.014357053682896526
1998-05-01,162.8,0.0018461538461538307,0.01686445971267969
1998-06-01,163.0,0.0012285012285011554,0.016843418590143378
1998-07-01,163.2,0.0012269938650306678,0.016822429906542036
1998-08-01,163.4,0.001225490196078427,0.016169154228855787
1998-09-01,163.6,0.001223990208078174,0.01488833746898277
1998-10-01,164.0,0.0024449877750611915,0.014851485148514865
1998-11-01,164.0,0.0,0.015479876160990669
1998-12-01,163.9,-0.0006097560975609762,0.016119032858028515
1999-01-01,164.3,0.0024405125076265577,0.01670792079207928
1999-02-01,164.5,0.0012172854534386879,0.016059295861643008
1999-03-01,165.0,0.003039513677811634,0.017262638717632672
1999-04-01,166.2,0.0072727272727270975,0.022769230769230653
1999-05-01,166.2,0.0,0.020884520884520752
1999-06-01,166.2,0.0,0.019631901840490684
1999-07-01,166.7,0.0030084235860408093,0.021446078431372584
1999-08-01,167.1,0.002399520095980767,0.022643818849449104
1999-09-01,167.9,0.004787552363854086,0.026283618581907087
1999-10-01,168.2,0.0017867778439546456,0.025609756097561
1999-11-01,168.3,0.0005945303210466157,0.026219512195122086
1999-12-01,168.3,0.0,0.02684563758389258
2000-01-01,168.8,0.002970885323826611,0.027388922702373808
2000-02-01,169.8,0.005924170616113722,0.03221884498480243
2000-03-01,171.2,0.008244994110718329,0.037575757575757596
2000-04-01,171.3,0.0005841121495329116,0.030685920577617543
2000-05-01,171.5,0.0011675423234092097,0.03188929001203378
2000-06-01,172.4,0.005247813411078717,0.0373044524669075
2000-07-01,172.8,0.002320185614849146,0.03659268146370742
2000-08-01,172.8,0.0,0.034111310592459754
2000-09-01,173.7,0.005208333333333259,0.03454437164979152
2000-10-01,174.0,0.0017271157167531026,0.034482758620689724
2000-11-01,174.1,0.0005747126436781436,0.03446226975638722
2000-12-01,174.0,-0.0005743825387707346,0.03386809269162194
2001-01-01,175.1,0.006321839080459801,0.037322274881516515
2001-02-01,175.8,0.003997715591090856,0.035335689045936425
2001-03-01,176.2,0.0022753128555175195,0.029205607476635587
2001-04-01,176.9,0.0039727582292850006,0.032691185055458316
2001-05-01,177.7,0.0045223289994347216,0.036151603498542295
2001-06-01,178.0,0.0016882386043894915,0.03248259860788849
2001-07-01,177.5,-0.002808988764044895,0.02719907407407396
2001-08-01,177.5,0.0,0.02719907407407396
2001-09-01,178.3,0.004507042253521165,0.02648244099021313
2001-10-01,177.7,-0.0033651149747617737,0.021264367816091978
2001-11-01,177.4,-0.0016882386043892694,0.01895462377943713
2001-12-01,176.7,-0.003945885005637084,0.01551724137931032
2002-01-01,177.1,0.002263723825693287,0.01142204454597362
2002-02-01,177.8,0.0039525691699606735,0.011376564277588264
2002-03-01,178.8,0.0056242969628796935,0.014755959137344066
2002-04-01,179.8,0.005592841163311046,0.016393442622950838
2002-05-01,179.8,0.0,0.011817670230725996
2002-06-01,179.9,0.0005561735261401246,0.010674157303370846
2002-07-01,180.1,0.0011117287381878782,0.014647887323943731
2002-08-01,180.7,0.003331482509716821,0.01802816901408444
2002-09-01,181.0,0.0016602102933038765,0.015143017386427315
2002-10-01,181.3,0.0016574585635360517,0.02025886325267323
2002-11-01,181.3,0.0,0.0219842164599775
2002-12-01,180.9,-0.0022062879205736463,0.02376910016977929
2003-01-01,181.7,0.004422332780541716,0.025974025974025983
2003-02-01,183.1,0.007705008255366019,0.029808773903261976
2003-03-01,184.2,0.006007646095030017,0.030201342281878985
2003-04-01,183.8,-0.0021715526601518986,0.022246941045606317
2003-05-01,183.5,-0.0016322089227421843,0.02057842046718572
2003-06-01,183.7,0.0010899182561308063,0.021122846025569686
2003-07-01,183.9,0.0010887316276537717,0.021099389228206533
2003-08-01,184.6,0.0038064165307232223,0.021582733812949728
2003-09-01,185.2,0.003250270855904569,0.023204419889502725
2003-10-01,185.0,-0.001079913606911398,0.020408163265306145
2003-11-01,184.5,-0.002702702702702675,0.01765030336458895
2003-12-01,184.3,-0.0010840108401083404,0.018794914317302513
2004-01-01,185.2,0.004883342376559741,0.019262520638414937
2004-02-01,186.2,0.005399568034557323,0.016930638995084513
2004-03-01,187.4,0.0064446831364124435,0.017372421281216077
2004-04-01,188.0,0.0032017075773744796,0.02285092491838947
2004-05-01,189.1,0.005851063829787284,0.030517711171662132
2004-06-01,189.7,0.0031729243786355887,0.032661948829613596
2004-07-01,189.4,-0.001581444385872377,0.029907558455682492
2004-08-01,189.5,0.000527983104540608,0.02654387865655483
2004-09-01,189.9,0.0021108179419524475,0.025377969762419017
2004-10-01,190.9,0.00526592943654558,0.03189189189189201
2004-11-01,191.0,0.0005238344683080598,0.035230352303523116
2004-12-01,190.3,-0.003664921465968529,0.03255561584373301
2005-01-01,190.7,0.0021019442984759884,0.02969762419006483
2005-02-01,191.8,0.0057682223387520715,0.030075187969925032
2005-03-01,193.3,0.007820646506777829,0.031483457844183604
2005-04-01,194.6,0.0067252974650799935,0.03510638297872348
2005-05-01,194.4,-0.0010277492291880241,0.028027498677948293
2005-06-01,194.5,0.0005144032921811093,0.02530311017395892
2005-07-01,195.4,0.004627249357326502,0.03167898627243937
2005-08-01,196.4,0.0051177072671442225,0.03641160949868083
2005-09-01,198.8,0.012219959266802416,0.04686677198525535
2005-10-01,199.2,0.002012072434607548,0.04347826086956519
2005-11-01,197.6,-0.008032128514056214,0.034554973821989465
2005-12-01,196.8,-0.004048582995951344,0.03415659485023648
2006-01-01,198.3,0.007621951219512146,0.03985317252228637
2006-02-01,198.7,0.0020171457387794245,0.0359749739311781
2006-03-01,199.8,0.005535983895319729,0.033626487325400856
2006-04-01,201.5,0.008508508508508372,0.035457348406988665
2006-05-01,202.5,0.00496277915632759,0.04166666666666674
2006-06-01,202.9,0.0019753086419753707,0.043187660668380534
2006-07-01,203.5,0.0029571217348447476,0.041453428863869046
2006-08-01,203.9,0.0019656019656020263,0.038187372708757605
2006-09-01,202.9,-0.004904364884747436,0.020623742454728422
2006-10-01,201.8,-0.005421389847215297,0.013052208835341528
2006-11-01,201.5,-0.0014866204162538033,0.019736842105263275
2006-12-01,201.8,0.0014888337468983437,0.025406504065040636
2007-01-01,202.416,0.0030525272547075044,0.020756429652042385
2007-02-01,203.499,0.005350367559876723,0.02415198792148976
2007-03-01,205.352,0.009105695851085338,0.027787787787787677
2007-04-01,206.686,0.006496162686508988,0.025736972704714756
2007-05-01,207.949,0.006110718674704696,0.026908641975308623
2007-06-01,208.352,0.0019379751766057662,0.02687037949728932
2007-07-01,208.299,-0.0002543772078021922,0.023582309582309557
2007-08-01,207.917,-0.0018339022270870142,0.019700833742030355
2007-09-01,208.49,0.002755907405358915,0.02755051749630355
2007-10-01,208.936,0.002139191328121237,0.035361744301288356
2007-11-01,210.177,0.005939617873415681,0.043062034739454136
2007-12-01,210.036,-0.000670863129647814,0.04081268582755193
2008-01-01,211.08,0.004970576472604682,0.04280294047901356
2008-02-01,211.693,0.0029041121849535667,0.04026555413048727
2008-03-01,213.528,0.008668212930989627,0.03981456231251701
2008-04-01,214.823,0.006064778389719416,0.03936889774827512
2008-05-01,216.632,0.00842088603175628,0.0417554304180352
2008-06-01,218.815,0.010076996934894167,0.050217900476117405
2008-07-01,219.964,0.005251011128121874,0.056001229002539565
2008-08-01,219.086,-0.00399156225564179,0.05371855115262347
2008-09-01,218.783,-0.0013830185406644713,0.04936927430572191
2008-10-01,216.573,-0.01010133328457874,0.03655186277137501
2008-11-01,212.425,-0.019152895328595876,0.010695746918073956
2008-12-01,210.228,-0.010342473814287434,0.0009141290064560437
2009-01-01,211.143,0.004352417375421025,0.0002984650369528552
2009-02-01,212.193,0.004972933035904736,0.002361910880378737
2009-03-01,212.709,0.0024317484554154944,-0.003835562549173832
2009-04-01,213.24,0.002496368277788097,-0.007368857152167174
2009-05-01,213.856,0.0028887638341774657,-0.012814357989586078
2009-06-01,215.693,0.008589892263953347,-0.014267760436898702
2009-07-01,215.351,-0.0015855869221532704,-0.02097161353676058
2009-08-01,215.834,0.002242850044810618,-0.014843486119606064
2009-09-01,215.969,0.0006254806934959944,-0.012862059666427395
2009-10-01,216.177,0.000963101185818438,-0.0018284827748612509
2009-11-01,216.33,0.0007077533687673832,0.01838295869130291
2009-12-01,215.949,-0.001761198169463296,0.027213311262058282
2010-01-01,216.687,0.0034174735701484327,0.026257086429576137
2010-02-01,216.741,0.0002492073820765661,0.02143331778145363
2010-03-01,217.631,0.004106283536571276,0.023139594469439473
2010-04-01,218.009,0.001736884910697345,0.022364471956480836
2010-05-01,218.178,0.000775197354237811,0.020209860840939786
2010-06-01,217.965,-0.0009762670846739097,0.01053348972845658
2010-07-01,218.011,0.00021104305737162932,0.012351927783014638
2010-08-01,218.312,0.0013806642784079948,0.011481045618392027
2010-09-01,218.439,0.0005817362307156682,0.01143682658159273
2010-10-01,218.711,0.0012451988884769616,0.011721876055269531
2010-11-01,218.803,0.0004206464238194485,0.011431609115702734
2010-12-01,219.179,0.001718440789203024,0.014957235273143077
2011-01-01,220.223,0.004763230053974166,0.01631846857448771
2011-02-01,221.309,0.00493136502545144,0.021075846286581656
2011-03-01,223.467,0.0097510720305094,0.026816032642408505
2011-04-01,224.906,0.006439429535457064,0.03163630859276467
2011-05-01,225.964,0.004704187527233561,0.03568645784634561
2011-06-01,225.722,-0.0010709670566992902,0.03558828252242341
2011-07-01,225.922,0.0008860456667936223,0.03628715982221076
2011-08-01,226.545,0.0027575889023645495,0.03771208179119778
2011-09-01,226.889,0.0015184621156945077,0.03868356841040299
2011-10-01,226.421,-0.0020626826333582926,0.035251999213574026
2011-11-01,226.23,-0.0008435613304419443,0.03394377590800857
2011-12-01,225.672,-0.0024665163771382392,0.029624188448710953
2012-01-01,226.665,0.004400191428267641,0.029252167121508466
2012-02-01,227.663,0.004402973551276279,0.028710987804382082
2012-03-01,229.392,0.0075945586239309915,0.02651398193021781
2012-04-01,230.085,0.0030210295040804525,0.023027398112989372
2012-05-01,229.815,-0.0011734793663211729,0.01704253774937592
2012-06-01,229.478,-0.0014663968844504938,0.016639937622385137
2012-07-01,229.104,-0.0016297858618254946,0.014084507042253502
2012-08-01,230.379,0.005565158181437102,0.01692378997550148
2012-09-01,231.407,0.004462212267611232,0.01991282080664991
2012-10-01,231.317,-0.00038892514055322014,0.021623435988711304
2012-11-01,230.221,-0.00473808669488196,0.01764133846085847
2012-12-01,229.601,-0.002693064490207231,0.01741022368747558
2013-01-01,230.28,0.002957304192926058,0.01594864668122553
2013-02-01,232.166,0.008190029529268728,0.019779235097490577
2013-03-01,232.773,0.0026145085843749527,0.014738962125967703
2013-04-01,232.531,-0.0010396394770870732,0.010630853814894481
2013-05-01,232.945,0.0017804077735872337,0.013619650588516885
2013-06-01,233.504,0.002399708085599528,0.017544165453768912
2013-07-01,233.596,0.0003939975332329926,0.019606816118443948
2013-08-01,233.877,0.0012029315570472043,0.015183675595431989
2013-09-01,234.149,0.001163004485263519,0.01184925261552161
2013-10-01,233.546,-0.002575283259804717,0.009636127046434018
2013-11-01,233.069,-0.002042424190523473,0.012370722045339066
2013-12-01,233.049,-8.58114978825597e-05,0.01501735619618394
2014-01-01,233.916,0.003720247673236088,0.015789473684210575
2014-02-01,234.781,0.003697908650968751,0.011263492501055294
2014-03-01,236.293,0.006440044126228228,0.015122028757630801
2014-04-01,237.072,0.003296754453157691,0.019528578985167577
2014-05-01,237.9,0.0034926098400485106,0.021271115499366777
2014-06-01,238.343,0.0018621269440941557,0.020723413731670526
2014-07-01,238.25,-0.0003901939641608454,0.019923286357643066
2014-08-01,237.852,-0.0016705141657922251,0.016996113341628316
2014-09-01,238.031,0.0007525688243108508,0.01657918675715031
2014-10-01,237.433,-0.0025122778125539202,0.01664340215632043
2014-11-01,236.151,-0.005399417941061246,0.013223551823708934
2014-12-01,234.812,-0.005670100910010967,0.007564932696557447
2015-01-01,233.707,-0.004705892373473297,-0.0008934831306964819
2015-02-01,234.722,0.0043430449237722435,-0.00025129801815304553
2015-03-01,236.119,0.00595172161109736,-0.0007363739086643228
2015-04-01,236.599,0.002032873254587786,-0.001995174461766891
2015-05-01,237.805,0.0050972320254947245,-0.00039932744850779134
2015-06-01,238.638,0.003502869998528224,0.0012377120368545214
2015-07-01,238.654,6.7047159295619e-05,0.001695697796432194
2015-08-01,238.316,-0.0014162762828194841,0.001950792930057288
2015-09-01,237.945,-0.0015567565753034085,-0.0003612974780596856
2015-10-01,237.838,-0.00044968375044651676,0.0017057443573555986
2015-11-01,237.336,-0.0021106803790814643,0.005017975786678841
2015-12-01,236.525,-0.0034170964371187385,0.007295197860415881
2016-01-01,236.916,0.0016531022090686687,0.013730868138309926
2016-02-01,237.111,0.000823076533454925,0.010177997801654737
2016-03-01,238.132,0.004306000143392774,0.008525362211427412
2016-04-01,239.261,0.004741067979104008,0.011251104188944261
2016-05-01,240.229,0.004045790998115084,0.010193225541935691
2016-06-01,241.018,0.0032843661672818936,0.009973264945230875
2016-07-01,240.628,-0.001618136404749948,0.008271388704987004
2016-08-01,240.849,0.0009184301078843937,0.010628745027610353
2016-09-01,241.428,0.002403995864628916,0.014637836474815646
2016-10-01,241.729,0.0012467485130143174,0.016359875209176034
2016-11-01,241.353,-0.0015554608673349346,0.016925371625037933
2016-12-01,241.432,0.0003273213923173923,0.02074622132966919
2017-01-01,242.839,0.0058277278902547636,0.025000422090529995
2017-02-01,243.603,0.0031461173864164582,0.027379581714893186
2017-03-01,243.801,0.0008127978719472129,0.023806124334402767
2017-04-01,244.524,0.002965533365326678,0.02199689878417299
2017-05-01,244.733,0.0008547218268963874,0.018748777208413614
2017-06-01,244.955,0.0009071110148610728,0.01633487955256463
2017-07-01,244.786,-0.0006899226388520363,0.01727978456372492
2017-08-01,245.519,0.0029944522971085963,0.019389742120581754
2017-09-01,246.819,0.005294905893230117,0.022329638650032235
2017-10-01,246.663,-0.0006320421037276924,0.020411287019761692
2017-11-01,246.669,2.4324685907517463e-05,0.02202582938683184
2017-12-01,246.524,-0.0005878322772623346,0.021090824745684245
2018-01-01,247.867,0.0054477454527752656,0.020705076202751638
2018-02-01,248.991,0.004534689974865724,0.022117954212386604
2018-03-01,249.554,0.002261125904149175,0.023597114039729084
2018-04-01,250.546,0.003975091563348965,0.02462743943334811
2018-05-01,251.588,0.004158916925434797,0.028010117148075553
2018-06-01,251.989,0.001593875701543901,0.0287154783531669
2018-07-01,252.006,6.746326228523891e-05,0.029495150866471143
2018-08-01,252.146,0.0005555423283571947,0.026991801041874375
2018-09-01,252.439,0.0011620251758901468,0.022769721941990007
2018-10-01,252.885,0.001766763455725906,0.025224699286070296
2018-11-01,252.038,-0.0033493485181009808,0.021766010321524032
2018-12-01,251.233,-0.0031939628151310684,0.019101588486313714
2019-01-01,251.712,0.0019065966652469513,0.015512351381991252
2019-02-01,252.776,0.004227053140096748,0.01520135265933309
2019-03-01,254.202,0.005641358356806014,0.018625227405691724
2019-04-01,255.548,0.0052950016128905375,0.019964397755302565
2019-05-01,256.092,0.0021287585893843275,0.017902284687663972
2019-06-01,256.143,0.00019914718148150712,0.016484846560762545
2019-07-01,256.571,0.0016709416224534035,0.018114648063935146
2019-08-01,256.558,-5.066823608290694e-05,0.017497798894291483
2019-09-01,256.759,0.0007834485769300237,0.017113045131695204
2019-10-01,257.346,0.002286190552229783,0.017640429444213845
2019-11-01,257.208,-0.0005362430346691482,0.020512779818916194
2019-12-01,256.974,-0.0009097695250538385,0.022851297401217163
2020-01-01,257.971,0.003879769937814803,0.024865719552504606
2020-02-01,258.678,0.002740618131495287,0.023348735639459495
2020-03-01,258.115,-0.002176451031784654,0.015393269919198094
2020-04-01,256.389,-0.006686941866997254,0.003290966863368272
2020-05-01,256.394,1.9501616683959e-05,0.0011792637021070806
2020-06-01,257.797,0.005472046927775365,0.006457330475554857
2020-07-01,259.101,0.005058243501669724,0.009860818253037085
2020-08-01,259.918,0.0031532105240814623,0.013096453823307153
2020-09-01,260.28,0.0013927469432666317,0.013713248610564666
2020-10-01,260.388,0.0004149377593360981,0.011820661677274913
2020-11-01,260.229,-0.0006106272178441063,0.011745357842679605
2020-12-01,260.474,0.0009414784670425114,0.013620054947193205
2021-01-01,261.582,0.00425378348702754,0.013997697415600863
2021-02-01,263.014,0.005474382793923205,0.016762152173745104
2021-03-01,264.877,0.007083273133749568,0.02619762508959189
2021-04-01,267.054,0.008218909154060094,0.041596948387021104
2021-05-01,269.195,0.008017105154762838,0.04992706537594471
2021-06-01,271.696,0.00929066290235725,0.053914514133213354
2021-07-01,273.003,0.004810523526293853,0.05365475239385398
2021-08-01,273.567,0.00206591136361145,0.05251271554874992
2021-09-01,274.31,0.002715970859058281,0.053903488550791634
2021-10-01,276.589,0.008308118552003085,0.062218689033288976
2021-11-01,277.948,0.004913427504347645,0.06809002839806477
2021-12-01,278.802,0.003072517161483601,0.07036402865545144
2022-01-01,281.148,0.008414573783545265,0.07479872468289117
2022-02-01,283.716,0.009133979256476854,0.07871063897739283
2022-03-01,287.504,0.013351379548562692,0.08542455554842432
2022-04-01,289.109,0.005582531025655202,0.08258629340882373
2022-05-01,292.296,0.011023523999598828,0.08581511543676523
2022-06-01,296.311,0.013736075758819855,0.09059757964784154
2022-07-01,296.276,-0.00011811913833770227,0.0852481474562552
2022-08-01,296.171,-0.0003543992763505033,0.08262692503116242
2022-09-01,296.808,0.0021507845130008807,0.0820166964383362
2022-10-01,298.012,0.004056494434112379,0.07745427330804922
2022-11-01,297.711,-0.00101002644188819,0.07110322794191726
2022-12-01,296.797,-0.0030700914645410693,0.0645440133141082
2023-01-01,299.17,0.007995363834540026,0.06410146968856267
2023-02-01,300.84,0.005582110505732318,0.06035613077866597
2023-03-01,301.836,0.0033107299561230263,0.04984974122099173
2023-04-01,303.363,0.005059038683258521,0.049303203981889254
2023-05-01,304.127,0.0025184350102023245,0.040476092727919744
2023-06-01,305.109,0.003228914236486524,0.029691776545588855
2023-07-01,305.691,0.0019075150192227053,0.03177780177942169
2023-08-01,307.026,0.004367155068353501,0.03665112384399549
2023-09-01,307.789,0.002485131552376618,0.0369969812134443
2023-10-01,307.671,-0.00038337952298483913,0.03241144651893202
2023-11-01,307.051,-0.0020151395484137025,0.03137270708841777
2023-12-01,306.746,-0.0009933203278934544,0.033521228314302265
2024-01-01,308.417,0.005447503797930464,0.030908847812280538
2024-02-01,310.326,0.0061896717755507424,0.031531711208615976
2024-03-01,312.332,0.006464169937420605,0.034773850700380304
2024-04-01,313.548,0.0038932930343353878,0.03357363950119163
2024-05-01,314.069,0.0016616275657954649,0.032690290569400204
2024-06-01,314.175,0.0003375054526233434,0.029713971072633072
2024-07-01,314.54,0.0011617728972705965,0.028947531984913066
2024-08-01,314.796,0.0008138869460163622,0.025307302964569622
2024-09-01,315.301,0.0016042135224081377,0.02440633031069983
2024-10-01,315.664,0.0011512808395786056,0.02597904904914672
2024-11-01,315.493,-0.0005417152415225779,0.027493803960905616
2024-12-01,315.605,0.00035499995245547034,0.02888057219980067
2025-01-01,317.671,0.006546157380269646,0.030004831121501097
2025-02-01,319.082,0.004441702264292413,0.0282154895174751
2025-03-01,319.799,0.002247071285750968,0.023907252538964974
2025-04-01,320.795,0.0031144562678433463,0.023112888616734883
2025-05-01,321.465,0.002088561230692454,0.02354896535474671
2025-06-01,322.561,0.0034093913800881115,0.02669213018222316
2025-07-01,323.048,0.0015097919463296083,0.027049023971513986
2025-08-01,323.976,0.002872638121889093,0.029161742842984006
2025-09-01,324.8,0.002543398276415587,0.030126767755256134
2025-11-01,324.122,-0.002087438423645338,0.026794312940341625
2025-12-01,324.054,-0.00020979754536887274,0.02713530886580684
2026-01-01,325.252,0.0036969147117456025,0.03056668937437612
2026-02-01,326.785,0.004713268481054689,0.028690059841786075
2026-03-01,330.213,0.010490077573940049,0.03488444976526428
2026-04-01,333.02,0.00850057387201586,0.04134159268790705
2026-05-01,335.123,0.006314936039877539,0.04466403778113737
